{
    "folders": [],
    "links": [
        {
            "id": "l_da2b7ab6bef9",
            "title": "tryrt",
            "url": "https:\/\/pardus.org.tr\/",
            "icon": "fa:fa-brands fa-chrome|#f59e0b",
            "parent": "f_17c8153b129c"
        },
        {
            "id": "l_fb9ea112ba36",
            "title": "trytrytrytry",
            "url": "https:\/\/pardus.org.tr\/",
            "icon": "fa:fa-brands fa-chrome|#f59e0b",
            "parent": null
        }
    ],
    "trash": []
}