{
    "folders": [],
    "links": [],
    "trash": [
        {
            "tid": "t_c374095a4a58",
            "type": "folder",
            "id": "f_36eba82aed22",
            "name": "aaa",
            "icon": "fa:fa-regular fa-folder|#8ab4f8",
            "parent": null,
            "deleted_at": "2025-10-14T18:34:44+00:00"
        },
        {
            "tid": "t_77e83f73c0af",
            "type": "folder",
            "id": "f_195c30026044",
            "name": "DENEME",
            "icon": "fa:fa-solid fa-folder|#fbbf24",
            "parent": null,
            "deleted_at": "2025-10-14T18:34:49+00:00"
        },
        {
            "tid": "t_cade23880cd7",
            "type": "folder",
            "id": "f_36eba82aed22",
            "name": "aaa",
            "icon": "fa:fa-regular fa-folder|#8ab4f8",
            "parent": null,
            "deleted_at": "2025-10-14T18:34:53+00:00"
        },
        {
            "tid": "t_a43c7e732145",
            "type": "folder",
            "id": "f_c4f9316b9bc9",
            "name": "rewrwr",
            "icon": "fa:fa-solid fa-folder|#fbbf24",
            "parent": null,
            "deleted_at": "2025-10-14T18:35:06+00:00"
        },
        {
            "tid": "t_e2b26393aa81",
            "type": "folder",
            "id": "f_db02e48147d3",
            "name": "75675",
            "icon": "fa:fa-solid fa-gamepad|#22d3ee",
            "parent": null,
            "deleted_at": "2025-10-14T18:35:09+00:00"
        },
        {
            "tid": "t_7b0d073db46a",
            "type": "folder",
            "id": "f_195c30026044",
            "name": "DENEME",
            "icon": "fa:fa-solid fa-folder|#fbbf24",
            "parent": null,
            "deleted_at": "2025-10-14T19:18:52+00:00"
        },
        {
            "tid": "t_3cf0f6dc07f3",
            "type": "folder",
            "id": "f_60bb85e87c9f",
            "name": "ALOOOOO",
            "icon": "fa:fa-solid fa-folder-tree|#f59e0b",
            "parent": null,
            "deleted_at": "2025-10-14T19:23:11+00:00"
        },
        {
            "tid": "t_89fc9258b89b",
            "type": "folder",
            "id": "f_c4f9316b9bc9",
            "name": "rewrwr",
            "icon": "fa:fa-solid fa-folder|#fbbf24",
            "parent": null,
            "deleted_at": "2025-10-14T19:23:15+00:00"
        },
        {
            "tid": "t_b39815fe70ab",
            "type": "folder",
            "id": "f_195c30026044",
            "name": "DENEME",
            "icon": "fa:fa-solid fa-folder|#fbbf24",
            "parent": null,
            "deleted_at": "2025-10-14T19:26:04+00:00"
        }
    ]
}