{
    "folders": [
        {
            "id": "f_ec1061b1c18d",
            "name": "treter",
            "icon": "fa:fa-solid fa-folder|#fbbf24",
            "parent": null
        },
        {
            "id": "f_3c63e3a3bcc0",
            "name": "gdfg",
            "icon": "fa:fa-solid fa-folder|#fbbf24",
            "parent": null
        },
        {
            "id": "f_65c4c65a9cd8",
            "name": "dfgfdgfdg",
            "icon": "fa:fa-solid fa-folder-plus|#22c55e",
            "parent": null
        }
    ],
    "links": [],
    "trash": []
}