{
    "folders": [
        {
            "id": "f_c4f9316b9bc9",
            "name": "rewrwr",
            "icon": "fa:fa-solid fa-folder|#fbbf24"
        },
        {
            "id": "f_4848fb06a370",
            "name": "rerer",
            "icon": "fa:fa-solid fa-folder|#fbbf24"
        },
        {
            "id": "f_36eba82aed22",
            "name": "aaa",
            "icon": "fa:fa-regular fa-folder|#8ab4f8"
        },
        {
            "id": "f_9b0817538f5b",
            "name": "5435345",
            "icon": "fa:fa-solid fa-folder-tree|#f59e0b"
        },
        {
            "id": "f_db02e48147d3",
            "name": "75675",
            "icon": "fa:fa-solid fa-gamepad|#22d3ee"
        },
        {
            "id": "f_195c30026044",
            "name": "DENEME",
            "icon": "fa:fa-solid fa-folder|#fbbf24"
        }
    ],
    "links": []
}