{
    "folders": [
        {
            "id": "f_ad48e049e27e",
            "name": "tretyeryrtyrtyrtyrty",
            "icon": "fa:fa-solid fa-file-lines|#f59e0b",
            "parent": null
        },
        {
            "id": "f_e818bff460e4",
            "name": "jghjgj",
            "icon": "fa:fa-regular fa-folder|#8ab4f8",
            "parent": null
        },
        {
            "id": "f_4f0f1e5730a3",
            "name": "deneme",
            "icon": "fa:fa-solid fa-shield-halved|#f43f5e",
            "parent": null
        },
        {
            "id": "f_d9502e3bdf80",
            "name": "aa",
            "icon": "fa:fa-regular fa-folder|#8ab4f8",
            "parent": null
        },
        {
            "id": "f_0e7367bef232",
            "name": "trw4te",
            "icon": "fa:fa-regular fa-folder|#8ab4f8",
            "parent": null
        },
        {
            "id": "f_17c8153b129c",
            "name": "test",
            "icon": "fa:fa-regular fa-folder|#8ab4f8",
            "parent": null
        },
        {
            "id": "f_c977d31dc881",
            "name": "1212",
            "icon": "fa:fa-regular fa-folder|#8ab4f8",
            "parent": null
        },
        {
            "id": "f_1520f63abe1d",
            "name": "yryr",
            "icon": "fa:fa-regular fa-folder|#8ab4f8",
            "parent": null
        },
        {
            "id": "f_6f5727feaafd",
            "name": "yrtyr",
            "icon": "fa:fa-solid fa-folder|#fbbf24",
            "parent": null
        },
        {
            "id": "f_3451ae615713",
            "name": "rgrdgdfg",
            "icon": "fa:fa-regular fa-folder|#8ab4f8",
            "parent": null
        },
        {
            "id": "f_efbfb42f6184",
            "name": "MURAT",
            "icon": "fa:fa-solid fa-paperclip|#93c5fd",
            "parent": null
        }
    ],
    "links": [],
    "trash": [
        {
            "tid": "t_e01fa92168b5",
            "type": "folder",
            "id": "f_765abc505305",
            "name": "muratt",
            "icon": "fa:fa-regular fa-folder|#8ab4f8",
            "parent": null,
            "deleted_at": "2025-10-13T07:48:00+00:00"
        }
    ]
}