{
    "folders": [],
    "links": [],
    "trash": [
        {
            "tid": "t_3e04085615b3",
            "type": "folder",
            "id": "f_661896bcae85",
            "name": "utyu",
            "icon": "fa:fa-regular fa-folder|#8ab4f8",
            "parent": null,
            "deleted_at": "2025-10-12T21:24:07+00:00"
        },
        {
            "tid": "t_fec29cba53ac",
            "type": "folder",
            "id": "f_fad87ea26c8f",
            "name": "jkjk",
            "icon": "fa:fa-solid fa-folder-tree|#f59e0b",
            "parent": null,
            "deleted_at": "2025-10-12T21:24:18+00:00"
        },
        {
            "tid": "t_a186db4b19a1",
            "type": "folder",
            "id": "f_3e830059f3fc",
            "name": "fdsf",
            "icon": "fa:fa-solid fa-cloud|#60a5fa",
            "parent": null,
            "deleted_at": "2025-10-12T21:29:32+00:00"
        },
        {
            "tid": "t_5697fcc36087",
            "type": "folder",
            "id": "f_3e596546b90b",
            "name": "d",
            "icon": "fa:fa-solid fa-database|#c084fc",
            "parent": null,
            "deleted_at": "2025-10-12T21:29:49+00:00"
        },
        {
            "tid": "t_5807045c1fd5",
            "type": "folder",
            "id": "f_ff6e6dfb3db8",
            "name": "MURAT DOSYA",
            "icon": "fa:fa-solid fa-folder|#fbbf24",
            "parent": null,
            "deleted_at": "2025-10-12T21:30:12+00:00"
        },
        {
            "tid": "t_a4a253189b01",
            "type": "folder",
            "id": "f_914a29239915",
            "name": "AYDOĞAN",
            "icon": "fa:fa-solid fa-folder-tree|#f59e0b",
            "parent": null,
            "deleted_at": "2025-10-12T21:32:01+00:00"
        },
        {
            "tid": "t_28df339ea640",
            "type": "folder",
            "id": "f_c50c30031709",
            "name": "uyuty",
            "icon": "fa:fa-regular fa-folder|#8ab4f8",
            "parent": null,
            "deleted_at": "2025-10-12T21:33:21+00:00"
        },
        {
            "tid": "t_69e77f18f550",
            "type": "folder",
            "id": "f_d7fd91fe327c",
            "name": "test",
            "icon": "fa:fa-solid fa-folder|#fbbf24",
            "parent": null,
            "deleted_at": "2025-10-12T21:33:49+00:00"
        },
        {
            "tid": "t_2667e031702a",
            "type": "folder",
            "id": "f_8bc82fc88fc7",
            "name": "tytt",
            "icon": "fa:fa-solid fa-folder|#fbbf24",
            "parent": null,
            "deleted_at": "2025-10-12T21:37:41+00:00"
        },
        {
            "tid": "t_8cd88df5def9",
            "type": "folder",
            "id": "f_a844bec6939c",
            "name": "utyuty",
            "icon": "fa:fa-solid fa-music|#ef4444",
            "parent": null,
            "deleted_at": "2025-10-12T21:38:17+00:00"
        },
        {
            "tid": "t_358e0ec307c9",
            "type": "folder",
            "id": "f_f5d8b0fa512c",
            "name": "trtert",
            "icon": "fa:fa-regular fa-folder|#8ab4f8",
            "parent": null,
            "deleted_at": "2025-10-12T21:43:01+00:00"
        },
        {
            "tid": "t_6245e90e32aa",
            "type": "folder",
            "id": "f_fd4ade057bdf",
            "name": "fds",
            "icon": "fa:fa-solid fa-folder|#fbbf24",
            "parent": null,
            "deleted_at": "2025-10-12T21:43:28+00:00"
        },
        {
            "tid": "t_bc114492a37c",
            "type": "folder",
            "id": "f_ae16c5fdc2fc",
            "name": "r",
            "icon": "fa:fa-regular fa-folder|#8ab4f8",
            "parent": null,
            "deleted_at": "2025-10-12T21:49:13+00:00"
        },
        {
            "tid": "t_b95a721dddd1",
            "type": "folder",
            "id": "f_03fd7315ec8a",
            "name": "jkhjkhjkhjk",
            "icon": "fa:fa-solid fa-folder|#fbbf24",
            "parent": null,
            "deleted_at": "2025-10-12T21:49:34+00:00"
        },
        {
            "tid": "t_a854c08266ba",
            "type": "folder",
            "id": "f_0899e201b01a",
            "name": "gfdgdfg",
            "icon": "fa:fa-solid fa-folder|#fbbf24",
            "parent": null,
            "deleted_at": "2025-10-12T21:50:52+00:00"
        }
    ]
}