{
    "folders": [],
    "links": [],
    "trash": [
        {
            "tid": "t_5dbee8d4e475",
            "type": "folder",
            "id": "f_db02e48147d3",
            "name": "75675",
            "icon": "fa:fa-solid fa-gamepad|#22d3ee",
            "parent": null,
            "deleted_at": "2025-10-14T18:21:32+00:00"
        },
        {
            "tid": "t_f1322f0bd88a",
            "type": "folder",
            "id": "f_db02e48147d3",
            "name": "75675",
            "icon": "fa:fa-solid fa-gamepad|#22d3ee",
            "parent": null,
            "deleted_at": "2025-10-14T18:21:34+00:00"
        },
        {
            "tid": "t_6634830d06b0",
            "type": "folder",
            "id": "f_9b0817538f5b",
            "name": "5435345",
            "icon": "fa:fa-solid fa-folder-tree|#f59e0b",
            "parent": null,
            "deleted_at": "2025-10-14T18:21:37+00:00"
        },
        {
            "tid": "t_1776ec78c95c",
            "type": "folder",
            "id": "f_195c30026044",
            "name": "DENEME",
            "icon": "fa:fa-solid fa-folder|#fbbf24",
            "parent": null,
            "deleted_at": "2025-10-14T18:21:41+00:00"
        },
        {
            "tid": "t_e2000d54aa23",
            "type": "folder",
            "id": "f_c4f9316b9bc9",
            "name": "rewrwr",
            "icon": "fa:fa-solid fa-folder|#fbbf24",
            "parent": null,
            "deleted_at": "2025-10-14T18:21:52+00:00"
        },
        {
            "tid": "t_15b3d6fd8f67",
            "type": "folder",
            "id": "f_4848fb06a370",
            "name": "rerer",
            "icon": "fa:fa-solid fa-folder|#fbbf24",
            "parent": null,
            "deleted_at": "2025-10-14T18:22:00+00:00"
        },
        {
            "tid": "t_e39db315191b",
            "type": "folder",
            "id": "f_4848fb06a370",
            "name": "rerer",
            "icon": "fa:fa-solid fa-folder|#fbbf24",
            "parent": null,
            "deleted_at": "2025-10-14T18:22:04+00:00"
        },
        {
            "tid": "t_300fec34a528",
            "type": "folder",
            "id": "f_9b0817538f5b",
            "name": "5435345",
            "icon": "fa:fa-solid fa-folder-tree|#f59e0b",
            "parent": null,
            "deleted_at": "2025-10-14T18:22:10+00:00"
        },
        {
            "tid": "t_33277dbf6f3e",
            "type": "folder",
            "id": "f_195c30026044",
            "name": "DENEME",
            "icon": "fa:fa-solid fa-folder|#fbbf24",
            "parent": null,
            "deleted_at": "2025-10-14T18:22:56+00:00"
        },
        {
            "tid": "t_8b6867288c56",
            "type": "folder",
            "id": "f_195c30026044",
            "name": "DENEME",
            "icon": "fa:fa-solid fa-folder|#fbbf24",
            "parent": null,
            "deleted_at": "2025-10-14T18:31:22+00:00"
        },
        {
            "tid": "t_37f5523bd082",
            "type": "folder",
            "id": "f_9b0817538f5b",
            "name": "5435345",
            "icon": "fa:fa-solid fa-folder-tree|#f59e0b",
            "parent": null,
            "deleted_at": "2025-10-14T18:31:29+00:00"
        },
        {
            "tid": "t_80f17cbb6a5e",
            "type": "folder",
            "id": "f_9b0817538f5b",
            "name": "5435345",
            "icon": "fa:fa-solid fa-folder-tree|#f59e0b",
            "parent": null,
            "deleted_at": "2025-10-14T18:31:32+00:00"
        },
        {
            "tid": "t_5b653d30d13e",
            "type": "folder",
            "id": "f_195c30026044",
            "name": "DENEME",
            "icon": "fa:fa-solid fa-folder|#fbbf24",
            "parent": null,
            "deleted_at": "2025-10-14T18:32:37+00:00"
        },
        {
            "tid": "t_284b2f34d296",
            "type": "folder",
            "id": "f_db02e48147d3",
            "name": "75675",
            "icon": "fa:fa-solid fa-gamepad|#22d3ee",
            "parent": null,
            "deleted_at": "2025-10-14T18:32:40+00:00"
        }
    ]
}